url	framework	ecommerce	Analytics
xcams			"Google Analytics"
teaguys			"Google Analytics"
smithfieldhams		"Cart Functionality"	"Google Analytics"
sunorganicfarm		"Miva Merchant"	
whiskyshop	ASP_NET	"Cart Functionality"	"Google Analytics"
wikipedia	PHP		
wiktionary	PHP		
tijuanaflats	PHP		"Google Analytics"
totallychocolate	"ASP_NET Ajax"	"Cart Functionality"	"Google Analytics"
touringandtasting	"ASP_NET Ajax"		"Google Analytics"
webclassifieds			"Google Analytics"
optionads			
weightwatchers			
charity-commission			
willoughbyscoffee	PHP	"Miva Merchant"	"Urchin 5"
winemonger	PHP	osCommerce	"Google Analytics"
winestar		"Cart Functionality"	"Google Analytics"
theonlinecandyshop	"ASP_NET Ajax"		"Google Analytics"
utzsnacks	ASP_NET		"Google Analytics"
thewineclub	ASP_NET	"Cart Functionality"	"Google Analytics"
w3	PHP		
wickedweasel		"Cart Functionality"	"Google Analytics"
taooftea	PHP	"Cart Functionality"	"Google Analytics"
wheatmontana	PHP		"Google Analytics"
igourmet	ASP_NET		"Google Analytics"
flyingnoodle	ASP_NET		"Google Analytics"
freshpasta			
themaplestore	PHP		"Google Analytics"
thefreedictionary	ASP_NET		
savoiafoods			
aapasta		"Miva Merchant"	StatCounter
rossipasta		"Cart Functionality"	"Google Analytics"
salsaexpress	"ASP_NET Ajax"	"Cart Functionality"	"Google Analytics"
rudys			"Google Analytics"
reedsinc	PHP	WooCommerce	"Google Analytics"
sciencedirect			"Google Analytics"
saltlickbbq	PHP	BigCommerce	
rxlist	ASP_NET		
reddit			"Google Analytics"
saltworks	ASP_NET	"Cart Functionality"	"Google Analytics"
rockauto			
southrivermiso		AmeriCommerce	
spicesofindia	ASP_NET	Actinic	"Google Analytics"
skechers			
specialtyjava		"Miva Merchant"	"Google Analytics"
sell		"Cart Functionality"	"Google Analytics"
originaljuan	ASP_NET		"Google Analytics"
stonewallkitchen	J2EE	"Cart Functionality"	"Google Analytics"
sterlingcaviar	PHP	"CS Cart"	"Google Analytics"
sdu			
steampowered			"Google Analytics"
streamate	"Shockwave Flash Embed"		
organicstorelocator			"Google Analytics"
spoon	PHP	Magento	"Google Analytics"
northstarbison	PHP	"Cart Functionality"	"Google Analytics"
northairemarket		"Cart Functionality"	"Google Analytics"
paulinameatmarket	PHP		
rawguru	PHP		"Google Analytics"
robeks			"Google Analytics"
revolutiontea	J2EE	"Cart Functionality"	"Google Analytics"
quinoa			
marcemery	PHP		
purcellmountainfarms	ASP_NET		
powells		"Cart Functionality"	
ups	J2EE		WebTrends
peck	ASP_NET		
twinings	PHP		"Google Analytics"
stanford			"Google Analytics"
newgrounds	PHP		"Google Analytics"
ordercrabs	PHP	"Cart Functionality"	"Google Analytics"
noaa			
o-cha	PHP	X-Cart	"Google Analytics"
playstation			
google			
pikeplacefish	PHP	"Cart Functionality"	"Google Analytics"
tradepub			
planetsuzy			"Google Analytics"
petrossian	PHP		"Google Analytics"
multiply			
ziddu	PHP		"Google Analytics"
minibrew	PHP	WooCommerce	"Google Analytics"
millesimes	PHP	"Cart Functionality"	"Google Analytics"
default			
melitta	PHP		"Google Analytics"
zargan	"ASP_NET MVC"		"Google Analytics"
yugioh-card			
zju			"Baidu Analytics"
zoliboy	PHP		"Google Analytics"
naturalzing	"Adobe Dreamweaver"		
wtfpeople			"Google Analytics"
worldsexguide			"Google Analytics"
about			
worldsex	PHP		"Google Analytics"
wustl	ASP_NET		"Google Analytics"
wisc	PHP		"Google Analytics"
wolframalpha			"Google Analytics"
xbmc	PHP		"Google Analytics"
yale			"Google Analytics"
xxnl	PHP		"Yandex Metrika"
wipo			"Google Analytics"
wsws			"Piwik Web Analytics"
virtuagirl2	PHP		"Google Analytics"
xbiz	PHP		"Google Analytics"
pixmania	PHP		"Google Analytics"
mychiaseeds	"Shockwave Flash Embed"		
peppersofkeywest	ASP_NET	Volusion	"Google Analytics"
mybrands	"ASP_NET Ajax"	"Cart Functionality"	"Google Analytics"
post	PHP		Webtrekk
xml-sitemaps	PHP		"Google Analytics"
wunderground	PHP		
usf	ASP_NET		"Google Analytics"
wxmaps			
ymlp	PHP		"Google Analytics"
yootheme	PHP		"Google Analytics"
worldcat	J2EE		"Omniture SiteCatalyst"
xscores	J2EE		"Google Analytics"
wickedtemptations		SearchFit	"Google Analytics"
wifelovers	PHP		"Google Analytics"
worldweb	PHP		"Google Analytics"
wierdporno			
windrawwin	"Shockwave Flash Embed"		"Google Analytics"
wikitravel			"Google Analytics"
wow-professions			"Google Analytics"
wolfram			"Google Analytics"
wpexplorer	PHP		"Google Analytics"
zotero			"Google Analytics"
wizardofodds			"Google Analytics"
woothemes	PHP		"Google Analytics"
whyquit	ASP_NET		"Google Analytics"
wifeysworld	PHP		"Google Analytics"
wikiquote	PHP		
wikivoyage	PHP		
whatifsports	ASP_NET		
wholesale-sex-toys	ASP_NET	"Cart Functionality"	
whois			"Google Analytics"
whitsend			"Google Analytics"
webmastercentral	PHP		
webmasterworld			GetClicky
westlaw	ASP_NET		
websudoku			"Quantcast Measurement"
techtarget	"Adobe Dreamweaver"		"Google Analytics"
zodcaps	"Frontpage Extensions"		"Google Analytics"
whu			
xilinx	J2EE		"Google Analytics"
whatsapp	PHP		"Google Analytics"
visualthesaurus	J2EE		"Google Analytics"
wb270			
vistaprint			
vividcash	PHP		"Google Analytics"
weatherstreet	"Shockwave Flash Embed"		"Google Analytics"
virtualtourist			"Google Analytics"
web-hosting-top			"Google Analytics"
wasteland			"Google Analytics"
weathersa	PHP		"Google Analytics"
state			
uu	J2EE		"Google Analytics"
uvic			
uwo	"Shockwave Flash Embed"		"Google Analytics"
uzh			"Piwik Web Analytics"
valvesoftware			"Google Analytics"
vacationstogo	"Adobe ColdFusion"		"Google eCommerce Conversion Tracking"
vt			"Google Analytics"
voyeurweb	PHP		"Google Analytics"
usp			
craigslist			
washington	PHP		"Google Analytics"
wantlive			
webconfs	PHP		"Google Analytics"
yinyanghouse		"Cart Functionality"	"Google Analytics"
webcams			"Google Analytics"
zeiss			"Google Analytics"
webcrawler	"ASP_NET MVC"		"Google Analytics"
xmu			
vatican			
venusescorts	PHP		"Google Analytics"
venere			"Facebook Domain Insights"
videolan			"Google Analytics"
vin	ASP_NET		"Google Analytics"
vintage-erotica-forum			"Google Analytics"
vietfun			"Google Analytics"
videoboys			"Google Analytics"
videobox	J2EE		"Google Analytics"
victorianweb			"Google Analytics"
vic			
usembassy			
usaa	J2EE		
usaid			"Google Analytics"
army			"Omniture SiteCatalyst"
navy	ASP_NET		"ForeSee Results"
utah			WebTrends
un	J2EE		"Google Analytics"
usra	ASP_NET		"Google Analytics"
utexas			
wales	ASP_NET		"Google Analytics"
ut	PHP		"Google Analytics"
ulaval			
ucsd			"Google Analytics"
ufl			"Google Analytics"
ulb			"Google Analytics"
uclick			
uchicago			"Google Analytics"
ucr	DAV		"Google Analytics"
ucf	PHP		
ulg	"Shockwave Flash Embed"		"Google Analytics"
ucdavis			"Google Analytics"
uffiliates			"Google Analytics"
ucsc			"Google Analytics"
uct	PHP		"Google Analytics"
ucla	PHP		
unipune	ASP_NET		
umd			"Google Analytics"
umbc	PHP		"Google Analytics"
uncyclopedia	PHP		
um			"Google Analytics"
unm			"DoubleClick Floodlight"
unisa	ASP_NET		"Google Analytics"
uni-konstanz	PHP		
uni-trier			"Piwik Web Analytics"
unimi			"Google Analytics"
unimelb			
uottawa			"Google Analytics"
unitconversion			
unl	"Adobe Dreamweaver"		
upenn			"Google Analytics"
uoa	PHP		"Piwik Web Analytics"
upc	"Shockwave Flash Embed"		"Google Analytics"
upv	Perl		"Google Analytics"
unt	"Shockwave Flash Embed"		"Google Analytics"
ultimate-fetishes	PHP		"Google Analytics"
ubc	PHP		"Google Analytics"
uiowa	PHP		"Google Analytics"
ucas	PHP		"Google Analytics"
ubuntuforums	PHP		
txlottery			
uhaul	"ASP_NET Ajax"	"Cart Functionality"	"Google Analytics"
ultimate-celebs	PHP		"Google Analytics"
ui			"Google Analytics"
uh	PHP		"Google Analytics"
typelogic			"Google Analytics"
u-tokyo	PHP		"Google Analytics"
typepad			"Google Analytics"
tthfanfic			
ucar			MyBlogLog
typeonline			"Google Analytics"
tut	PHP		"Google eCommerce Conversion Tracking"
tufts			"Google Analytics"
ubi	"Shockwave Flash Embed"		"Google Analytics"
ualberta			"Visual Website Optimizer"
tibia			"Google Analytics"
travisa	ASP_NET		"Google Analytics"
tradingeconomics	"ASP_NET Ajax"		"Google Analytics"
travelsexguide			
travian			
trophymanager	PHP		"Google Analytics"
tsinghua			
tribuneindia	"Shockwave Flash Embed"		"Google Analytics"
tribune			
tomtom	"Google Web Toolkit"		"WebTrends Optimize"
tju			
thundersplace			
tickletheater			"Google Analytics"
tommys-bookmarks			"Google Analytics"
tongji	"Adobe Dreamweaver"		"Baidu Analytics"
timezoneconverter			"Google Analytics"
toniandguy	PHP		"Google Analytics"
totesport	"Adobe Dreamweaver"		"Google Analytics"
topbucks	"Shockwave Flash Embed"		
thinkquest			"Google Analytics"
thevalkyrie			
thinkexist	ASP_NET		
topsy			"Google Analytics"
totalwar	PHP		"Google Analytics"
tentonhammer	PHP	Ubercart	"Google Analytics"
tcmb			
thebreakfastproject			"Google Analytics"
tamiya	"Microsoft Frontpage"		"Google Analytics"
tamilcube			"Google Analytics"
theppk	PHP		"Google Analytics"
thepiratebay	PHP		
theredzone	PHP		
techterms	PHP		"Google Analytics"
techsupportalert	PHP		"Google Analytics"
terapatrick	PHP		"Google Analytics"
tgcomics	PHP		
thaiair	"Shockwave Flash Embed"		WebTrends
test	ASP_NET		"Google Analytics"
studyspanish			"Google Analytics"
tarahedman			"Google Analytics"
tbs			"Facebook Domain Insights"
targetescorts			"Google Analytics"
talksurgery			
talonro	PHP		"Google Analytics"
thai-language			
stripclublist			"Google Analytics"
89			
thebestporn	PHP		"Google Analytics"
thedailywtf			"Google Analytics"
strokeassociation			
suicidegirls	"Django CSRF"		"Google Analytics"
summitpost	PHP		"Google Analytics"
amateurs-uk			
su			"Google Analytics"
statfox	ASP_NET		"Google Analytics"
sunnyleone			"Google Analytics"
survivalblog	"Frontpage Extensions"		StatCounter
dogfart	PHP		
statsremote	PHP		
nyu	DAV		"Google Analytics"
stocking-mania	PHP		"Google Analytics"
stripperweb			"Google Analytics"
stevepavlina	PHP		aWeber
sony	PHP		"Omniture SiteCatalyst"
spokensanskrit	PHP		"Google Analytics"
starwars	J2EE		"Google Analytics"
spieglergirls			
statcounter	PHP		StatCounter
spearboard	PHP		"Google Analytics"
spacash	PHP		"Google Analytics"
nasa			"ForeSee Results"
speedrunslive	PHP		"Google Analytics"
spacex	PHP		"Google Analytics"
spaceflightnow	"Shockwave Flash Embed"		"Google Analytics"
speedtest	PHP		
gc			
stata	PHP		"Google Analytics"
stat	"Adobe Dreamweaver"		
standardbank			
starfall			
swimmingpool	PHP		"Google Analytics"
snowbird	"Django CSRF"		"Google Analytics"
smokeybear	ASP_NET		"Google Analytics"
smokingsides			"Google Analytics"
smutjunkies	"Frontpage Extensions"		"Google Analytics"
sunpass			"Google Analytics"
sybian	"Adobe Dreamweaver"		"Google Analytics"
suzuki			"Omniture SiteCatalyst"
ukweatherworld	"ASP_NET Ajax"		"Google Analytics"
swingingheaven	PHP		"Google Analytics"
suze	PHP		
soilandhealth	ASP_NET		
societysm			"Google Analytics"
soccerstand			"Google Analytics"
somethingpositive	"Shockwave Flash Embed"		
sofurry	PHP		"New Relic"
square-enix	"Adobe Dreamweaver"		
smhi	J2EE		"Google Analytics"
spookycash	"Shockwave Flash Embed"		
sleepfoundation			"Google Analytics"
skinvideo			"Google Analytics"
similarminds	PHP		"Google Analytics"
skyteam	ASP_NET		"Google Analytics"
slrgear			"Google Analytics"
shorteroticstories	PHP		"Google Analytics"
sjtu	J2EE		
shotshow	PHP		"Google Analytics"
silvercash	PHP		
simviation	PHP		
singpost	PHP		"Google Analytics"
sdsu			"Google Analytics"
scrabblestop			"Google Analytics"
scrubtheweb			
scssoft	PHP		"Google Analytics"
scrabulizer	"Ruby on Rails"		"Google Analytics"
scratchmania	"Shockwave Flash Embed"		"Google Analytics"
sharif	J2EE		
sharedtalk	"Shockwave Flash Embed"		"Google Analytics"
sextoys247	PHP	Magento	"Google Analytics"
sexycaracas	PHP		
sextracker	PHP		
sexstoriespost	PHP		"Google Analytics"
sexforums			"Google Analytics"
sex-techniques-and-positions	"Microsoft Frontpage"		
shareasale	ASP_NET		
sexinart	PHP		"Google Analytics"
sfsu			"Google Analytics"
savingadvice	PHP		"Google Analytics"
sapphicerotica	PHP		
santarosa			"Google Analytics"
scam			"Google Analytics"
richards-realm			"Google Analytics"
researchgate			"Piwik Web Analytics"
residentadvisor			"Google Analytics"
rfa	"Shockwave Flash Embed"		"Omniture SiteCatalyst"
reprap			
restrainedelegance			"Piwik Web Analytics"
resilience			"Google Analytics"
ruc			
rsssf			
saafe	"Twenty Eleven"		
royalbank			"Facebook Domain Insights"
rutgers			"Google Analytics"
rosaceagroup	PHP		
royal			
rotten			
ronharris	PHP		"Google Analytics"
rpg	PHP		"Quantcast Measurement"
royalmail		"Cart Functionality"	"Omniture SiteCatalyst"
rollitup	PHP		"Google Analytics"
romhacking	PHP		
royalenfield			"Google Analytics"
shabdkosh	PHP		"Google Analytics"
referback	ASP_NET		
redtram			"Google Analytics"
repec	PHP		
renderotica	ASP_NET		"Google Analytics"
reiki	ASP_NET		"Google Analytics"
reefcentral	PHP		"Google Analytics"
relationshiptalk	PHP		"Google Analytics"
regions			WebTrends
redandwhitekop	PHP		"Google Analytics"
rcdesign			LiveInternet
rateyourmusic			"Google Analytics"
rbi	ASP_NET		
rolexsydneyhobart			"Google Analytics"
weather	"Adobe Dreamweaver"		"Google Analytics"
r-project			
processing	PHP		"Google Analytics"
radiovaticana	ASP_NET		
randi	PHP		"Google Analytics"
recon			"Google Analytics"
rediff			comScore
247realmedia	PHP		
quintcareers			"Google Analytics"
qualtrics	PHP		"Google Analytics"
qatarairways	J2EE		"Omniture SiteCatalyst"
python	Python		
quia			"Google Analytics"
pricespy			"Google Analytics"
quackwatch			comScore
privatefeeds			
pricewatch	"ASP_NET Ajax"		"Google Analytics"
private			"Google Analytics"
premiumtv			"Omniture SiteCatalyst"
posta	"Ruby on Rails Token"		"Google Analytics"
pinkvisual	PHP		"Google Analytics"
pinside	PHP		"Google Analytics"
punternet	PHP		
pulitzer	PHP		
providesupport			"Google Analytics"
pu	PHP		"Google Analytics"
publicflash			"Google Analytics"
pitara	ASP_NET		"Google Analytics"
poets	PHP	"Cart Functionality"	"Google Analytics"
planespotters	PHP		"Google Analytics"
pixandvideo	PHP		"Google Analytics"
plagiarisma	PHP		"Google Analytics"
pme	ASP_NET		"Google Analytics"
pingomatic			"Google Analytics"
photo-personals			
piac			"Google Analytics"
physicsworld	J2EE		"Google Analytics"
php	PHP		
prchecker	PHP		LiveInternet
playrix	PHP		"Google Analytics"
peteristhewolf			
plbg			
philips	J2EE		"Omniture SiteCatalyst"
personalitypage			"Google Analytics"
pets4homes	PHP		"Google Analytics"
playok	PHP		"Google Analytics"
panynj			
porn365	PHP		"Google Analytics"
polyu	PHP		
oracle	J2EE		"Omniture SiteCatalyst"
jma			
pge			WebTrends
colorado			
pokertracker			"Google Analytics"
pornusers	PHP		"Google Analytics"
peoplesmart	ASP_NET		"Google Analytics"
orgasmdenial			
openssl			
organizedhome	PHP		"Google Analytics"
persianfootball	PHP		"Google Analytics"
peacecorps	ASP_NET		"Google Analytics"
persiankitty			"Google Analytics"
paypalsucks			"Google Analytics"
parallax	PHP	"Cart Functionality"	"Google Analytics"
page3			
pcsx2	PHP		"Google Analytics"
orkut			
onlineconversion			"Google Analytics"
osu	PHP		"Google Analytics"
onelook	PHP		
online-sweepstakes			"Google Analytics"
osha			"Google Analytics"
peachyforum			"Google Analytics"
perfectworld	PHP		"Google Analytics"
percent-change			
pepsico	"ASP_NET MVC"		"Google Analytics"
onrpg	PHP		"Google Analytics"
penthouse	Perl		"Google Analytics"
openoffice			"Google Analytics"
passionshop	"Ruby on Rails"	"Cart Functionality"	"Google Analytics"
openttd	"Shockwave Flash Embed"		"Google Analytics"
pdc			"Omniture SiteCatalyst"
oiseaux			"Google Analytics"
pagat	"Adobe Dreamweaver"		"Google Analytics"
ofcom			"Google Analytics"
dost	PHP		"Google Analytics"
ox			"Google Analytics"
oldhouseweb			WebTrends
offgamers	PHP		"Google Analytics"
ohiolottery	"ASP_NET Ajax"		"Google Analytics"
oclc			"Omniture SiteCatalyst"
occash	PHP		
omniglot	PHP		"Google Analytics"
europa			
ocreampies	PHP		"Google Analytics"
scorespro			"Google Analytics"
nudeafrica	PHP		"Google Analytics"
nude-in-public			
nseindia			
ntu	"Microsoft Office SharePoint"		WebTrends
ny			"Google Analytics"
nihon-u	PHP		"Google Analytics"
nhk			
noodletools	PHP		"Google Analytics"
notquitenigella			"Google Analytics"
nikon	"Shockwave Flash Embed"		
nus	PHP		"Google Analytics"
scec	DAV		"Google Analytics"
nu	PHP		
sci-news	PHP		"Google Analytics"
nsw			
sciencenews	PHP		"Google Analytics"
aip			"Google Analytics"
scotiabank			"Omniture SiteCatalyst"
scot			"Google Analytics"
nintendoage			"Google Analytics"
nifty			"Google Analytics"
nhscareers			"Google Analytics"
njit	"Shockwave Flash Embed"		"Google Analytics"
nhsdirect			WebTrends
nintendo			"Facebook Domain Insights"
nndb			"Compuware Analytics"
nintendo-europe			"Facebook Domain Insights"
newsvine			
newzealandgirls	PHP		"Google Analytics"
nissannews		"Cart Functionality"	"Google Analytics"
nla	PHP		"Google Analytics"
nfoservers	PHP		
nextmedia			
network-tools	ASP_NET		"Google Analytics"
mzamin	PHP		"Google Analytics"
mylanguages			"Google Analytics"
mywot			"Google Analytics"
nationmaster	PHP		
national			"Omniture SiteCatalyst"
mymasturbation	"Microsoft Frontpage"		
nationstates			"Google Analytics"
naughtyallie	"Adobe Dreamweaver"		
ncsoft			"Google Analytics"
ncdot			"Urchin 5"
nanotech-now			"Google Analytics"
mousesavers			"Google Analytics"
mr-s-leather			"Google Analytics"
mrnussbaum	PHP		"Google Analytics"
mps			
mozillazine	PHP		"Google Analytics"
msccruises	"ASP_NET Ajax"		"Google Analytics"
aiononline	J2EE		"Google Analytics"
nakedworld			
narutobase	PHP		"Google Analytics"
nankai			
nakedsword			"Google Analytics"
names4muslims	PHP		"Google Analytics"
nbc4	PHP		"Google Analytics"
ncalculators			"Google Analytics"
netvibes	PHP		"Google Analytics"
nbp	"ASP_NET Ajax"		
myforecast			
myfriendsfeet			"Google Analytics"
myfonts		"Cart Functionality"	"Google Analytics"
mycams	"Shockwave Flash Embed"		"Google Analytics"
myersbriggs	ASP_NET		"Google Analytics"
myhomeremedies			"Google Analytics"
mycuteasian	PHP		"Google Analytics"
myfirsttime	PHP		"Google Analytics"
mybabecams	J2EE		
musictheory			"Google Analytics"
mistressalexia	PHP		
missingmoney			"Google Analytics"
medicinenet	ASP_NET		comScore
musc	"Shockwave Flash Embed"		"Google Analytics"
multiplaygameservers	PHP		"Google Analytics"
muni			"Google Analytics"
modares	J2EE		"Google Analytics"
mu			
moodle	PHP		"Google Analytics"
minecraft	"Shockwave Flash Embed"		"Google Analytics"
matrixmodels	"Shockwave Flash Embed"		
mcdonalds			WebTrends
mfa	ASP_NET		"Google Analytics"
metu			"Google Analytics"
meteostar	"Shockwave Flash Embed"		"Google Analytics"
intnet	PHP		"Google Analytics"
megabus			"Google Analytics"
meetup			
mcstories			
met	ASP_NET		"Google Analytics"
merry-christmas			"Google Analytics"
men	PHP		"Google Analytics"
medcohealth			"Google Analytics"
mercedes-benz	PHP		"Omniture SiteCatalyst"
mdconsult			Unica
mid			Rambler
mediacollege			"Google Analytics"
md5decrypter	"ASP_NET Ajax"		"Google Analytics"
bitcoin	PHP		"Google Analytics"
mcgraw-hill	J2EE		WebTrends
mindful			"Google Analytics"
mcgill	PHP		"Google Analytics"
milovana	PHP		"Google Analytics"
mcmaster	"Adobe Dreamweaver"		"Google Analytics"
maxconsole	"Adobe Dreamweaver"		
math	"Adobe Dreamweaver"		"Google Analytics"
maturekingdom			"Google Analytics"
lu	PHP		"Google Analytics"
mathcats			"Clustr Maps"
masslottery			"Google Analytics"
made-in-china	J2EE		
manythings			
mango	ASP_NET		"Google Analytics"
manoramaonline	ASP_NET		
manjam	"Visual Studio"		"Google Analytics"
mathopenref	"Frontpage Extensions"		"Google Analytics"
marxists			
lisaeldridge			"Google Analytics"
livemocha	PHP		"Google Analytics"
longhaircommunity	PHP		"Google Analytics"
literotica			"Google Analytics"
lobsteranywhere			"Google Analytics"
lobels	"ASP_NET Ajax"		"Google Analytics"
llli	"Ruby on Rails Token"		"Google Analytics"
lucasentertainment	PHP		"Google Analytics"
ludumdare			"Google Analytics"
lucasarts			"Google Analytics"
lse	"ASP_NET Ajax"		"Google Analytics"
loveme	"Adobe Dreamweaver"		
lunabar			"Google Analytics"
lindasgourmetcookies		Tjoos	
linguee			"Google Analytics"
linuxquestions			"Google Analytics"
litecoinpool			"Google Analytics"
liquorama		BigCommerce	"Google Analytics"
livejasmin	"Shockwave Flash Embed"		"Google Analytics"
markys	PHP		"Google Analytics"
sexymp	PHP		"Google Analytics"
lineage2			"Google Analytics"
maricopa	PHP		"Google Analytics"
linkshit			"Google Analytics"
marksandspencer		"Amazon Webstore"	"Omniture SiteCatalyst"
lezlovevideo	ASP_NET	Tjoos	"Google Analytics"
umn	PHP		"Google Analytics"
libsyn	PHP		"Google Analytics"
librarything	PHP		"Google Analytics"
leevalley			
legislation			
leeners		FoxyCart	"Google Analytics"
leedsunited			"Omniture SiteCatalyst"
tn			"Google Analytics"
upsconline	PHP		
lacaixa			"Omniture SiteCatalyst"
labcorp			WebTrends
lan			"Google Analytics"
lady-sonia			"Google Analytics"
lacolombe	"Ruby on Rails"	Shopify	"Google Analytics"
klitschkoblog	PHP		
konajoe		Shopify	
ku	PHP		"Google Analytics"
kirin			
kiwiswingers	PHP		"Google Analytics"
kellyschat	PHP		"Google Analytics"
kellymadison	PHP		"Google Analytics"
kelleyrosano	PHP		
keio	DAV		
kcl	"ASP_NET Ajax"		"Google Analytics"
kddi			"Omniture SiteCatalyst"
kickinghorsecoffee	PHP		"Google Analytics"
germangoogirls	PHP		"Google Analytics"
kingjamesbibleonline	PHP		"Google Analytics"
kidshealth			"Quantcast Measurement"
king	J2EE		"Google Analytics"
klm			WebTrends
jsexnetwork	PHP		
jpc		"Cart Functionality"	"Google Analytics"
jquery	PHP		"Google Analytics"
joyourself	"Shockwave Flash Embed"		"Google Analytics"
juno	J2EE		"Google Analytics"
koreaherald			WebTrends
kth	J2EE		"Google Analytics"
kosherbyte	ASP_NET	ProductCart	"Google Analytics"
konjacfoods			
latinboyz	"Adobe Dreamweaver"		"Google Analytics"
joomla	PHP		"Google Analytics"
jobs			"Google Analytics"
jetairways	"ASP_NET Ajax"		"Google Analytics"
jiva			
jesus-is-savior	"Adobe Dreamweaver"		
jewfaq			
jigsawplanet			"Google Analytics"
jlab	PHP		"Google Analytics"
watchtower			
ipl			"Google Analytics"
indiaprwire	PHP		"Google Analytics"
inthecrack			"Google Analytics"
itasoftware			"Google Analytics"
jadedvideo	"Java Servlet"		"Google Analytics"
intodns			"Google Analytics"
iucnredlist	"Ruby on Rails Token"		"Google Analytics"
jackinchat			"Google Analytics"
psu			"Google Analytics"
itoen	"Shockwave Flash Embed"	Magento	"Google Analytics"
irex	PHP		"Google Analytics"
iso			"Google Analytics"
iris	PHP		"Google Analytics"
irna	"ASP_NET Ajax"		"Google Analytics"
ipo	ASP_NET		"Urchin 5"
itools			"Google Analytics"
iranair	"Shockwave Flash Embed"		
jbvideo	PHP		"Google Analytics"
irib	"Shockwave Flash Embed"		
jaguar			"Google Analytics"
jalopyjournal	PHP		"Google Analytics"
javascriptkit	PHP		"Google Analytics"
iloveethnicwomen			"Google Analytics"
ine	"Shockwave Flash Embed"		"Google Analytics"
iitm	PHP		"Google Analytics"
iherb			"Visual Website Optimizer"
iihf	PHP		"Google Analytics"
uiuc			"Google Analytics"
iitd	PHP		
ilovelanguages			"Google Analytics"
inpursuitoftea	ASP_NET	Volusion	"Google Analytics"
infn	PHP		
importfood			"Google Analytics"
iis			"Omniture SiteCatalyst"
ifc			"Omniture SiteCatalyst"
imslp	PHP		"Quantcast Measurement"
imd			"Google Analytics"
imperialtea	ASP_NET	Volusion	"Google Analytics"
imesh			"Google Analytics"
insee	PHP		
intensecash	PHP		"Google Analytics"
indianrail	DAV		comScore
indiana	PHP		"Google Analytics"
indianblend		Magento	"Google Analytics"
indiapost	"ASP_NET Ajax"		
internetdownloadmanager			
indymedia			
india			"Google Analytics"
iastate	PHP		"Google Analytics"
icd9data	ASP_NET		"Google Analytics"
iaea	PHP		"Google Analytics"
iconarchive	PHP		"Google Analytics"
icingimages	PHP		"Google Analytics"
i3d	PHP		
icbc	ASP_NET		
infobel			"Google Analytics"
idealist			"Google Analytics"
info	PHP		Cognesia
hud			
hsv	PHP		Sitestat
apache			
hunkhunter	ASP_NET		"Google Analytics"
hqpornlinks	PHP		"Yandex Metrika"
howrse	PHP		"Google Analytics"
hothouse	PHP		"Google Analytics"
hopandgrape	ASP_NET	"Cart Functionality"	"Google Analytics"
hotelchocolat	ASP_NET		TagMan
homecams			
homebrewheaven	"Microsoft Frontpage"		"Google Analytics"
hometime	ASP_NET		
iarc			"Google Analytics"
hotwheels	"ASP_NET MVC"		comScore
howtocallabroad	PHP		
hunterscash			
hustlercontent			
hystersisters	PHP		"Google Analytics"
disney			"Facebook Domain Insights"
homebrewit	PHP	"Cart Functionality"	"Google Analytics"
hon			"Google Analytics"
homedesignersoftware	PHP		"Google Analytics"
hongkongpost			
homebuilding			"Google Analytics"
hoax-slayer			"Google Analytics"
hentai-foundry	PHP		
heatinghelp	PHP	"Cart Functionality"	"Google Analytics"
heavens-above			"Google Analytics"
herbco	"ASP_NET Ajax"	"Cart Functionality"	"Google Analytics"
hermitagemuseum	"Adobe Dreamweaver"		"Google Analytics"
heart	J2EE		"Google Analytics"
hertz	J2EE		
hiroshima-u	PHP		"Google Analytics"
hg	ASP_NET		"Google Analytics"
herpes-coldsores	"Adobe Dreamweaver"		"Google Analytics"
hipforums			
hkjc	ASP_NET		"Omniture SiteCatalyst"
hilmarcheese	"ASP_NET Ajax"	"Cart Functionality"	"Google Analytics"
hindunames	PHP		"Google Analytics"
hogsfly		"Cart Functionality"	"Google Analytics"
hku	"Adobe Dreamweaver"		"Google Analytics"
hitimewine		"Cart Functionality"	"Google Analytics"
healthy	"ASP_NET Ajax"		"Google Analytics"
hashcat	PHP		"Google Analytics"
heaven666	PHP		"Google Analytics"
hebrew4christians	"Shockwave Flash Embed"		
gwu	PHP		"Google Analytics"
gumball	"ASP_NET Ajax"	"Cart Functionality"	"Google Analytics"
habbo			"Google Analytics"
greentube	PHP		"Google Analytics"
hawaii	PHP		"Google Analytics"
hdhwine	"Adobe ColdFusion"		
hangseng	J2EE		WebTrends
gutenberg			"Facebook Domain Insights"
hairlosstalk			"Google Analytics"
hamper	ASP_NET	"Cart Functionality"	"Google Analytics"
simply	PHP		"Google Analytics"
guildwars			"Google Analytics"
groceries-express	ASP_NET		
greaterkashmir	ASP_NET		"Google Analytics"
gpwa	ASP_NET		"Google Analytics"
gsu			"Google Analytics"
go	PHP		"Google Analytics"
gmu	PHP		
greenbeanery			
glutenfreegirl	"Google Minify"		"Google Analytics"
gimp			
giantitp			
gaywidewebmasters			
georgetown			"Google Analytics"
genealogy			"Omniture SiteCatalyst"
gayromeo	PHP		"Piwik Web Analytics"
getfirebug	PHP		"Google Analytics"
gks	"Shockwave Flash Embed"		"Yandex Metrika"
getbig			
giftsofcourse			"Google Analytics"
geonames	J2EE		
girlfriendvideos			"Google Analytics"
giant-bicycles			"Google Analytics"
gingerpeople	PHP	Magento	"Google Analytics"
goldprice	ASP_NET		"Google Analytics"
glutensolutions			"Google Analytics"
gmushrooms	ASP_NET	"Cart Functionality"	comScore
goldmoney	PHP		"Google Analytics"
gameranger			
gavick	PHP		"Google Analytics"
gatehousemedia	Python		
gamestotal	ASP_NET		"Google Analytics"
fullerton			"Google Analytics"
funny			"Google Analytics"
galottery			"Google Analytics"
futurity	PHP		"Google Analytics"
gamekb			"Google Analytics"
gamedesign	"Shockwave Flash Embed"		"Google Analytics"
gamelink	J2EE	"ATG Commerce"	"Google Analytics"
geodesicsolutions	PHP		"Google Analytics"
gatewaygourmet	"Shockwave Flash Embed"		"Google Analytics"
fuckforforest			
friendfinder	"Shockwave Flash Embed"		"Google Analytics"
fropper	"Shockwave Flash Embed"		"Google Analytics"
ftbwiki	PHP		"Google Analytics"
fsu			"Google Analytics"
friendfeed	"Shockwave Flash Embed"		"Google Analytics"
fritchy			"Google Analytics"
freepatentsonline	PHP		"Google Analytics"
freerepublic			"Google Analytics"
freecycle			"Google Analytics"
freedavitamins		"Pinnacle Cart"	
freedownloadmanager	"Adobe Dreamweaver"		"Google Analytics"
freegamepick	PHP		"Google Analytics"
freeones	PHP		"Google Analytics"
footballstreaming			"Google Analytics"
footballguys	PHP		"Google Analytics"
footballlocks			
fontsquirrel	PHP		"Google Analytics"
forzamotorsport	"ASP_NET MVC"		
furriesxtreme	PHP		
furaffinity	PHP		comScore
freekick	PHP		"Google Analytics"
formula1			"Google Analytics"
forthegirls			"Google Analytics"
fortlauderdale-escortservice			"eXTReMe Tracking"
foreca			"Google Analytics"
fueleconomy	ASP_NET		
flightsim	PHP		"Google Analytics"
fiu			"Google Analytics"
fitfortravel	ASP_NET		"Google Analytics"
finnair	J2EE		"Google Analytics"
findicons	"Django CSRF"		"Google Analytics"
flyordie			"Google Analytics"
femjoy			"Google Analytics"
fnatic	PHP		"Google Analytics"
fetishhits	PHP		"Google Analytics"
femaledom	PHP		"Google Analytics"
findgaypix	PHP		"Google Analytics"
fec			"Google Analytics"
ferrarichat			
feedly			"Google Analytics"
esprit			Webtrekk
escortstoplist	ASP_NET		
etymonline	PHP		"Google Analytics"
eugeniadiordiychuk			
esa			
esake			
europartners	PHP		"Google Analytics"
eurobank	"Shockwave Flash Embed"		"Google Analytics"
flashscore			"Google Analytics"
flashgames247	PHP		"Google Analytics"
flashcash	PHP		"Google Analytics"
flagcounter			"Flag Counter"
flightradar24	PHP		"Google Analytics"
flashrolls	PHP		"Google Analytics"
filehippo	ASP_NET		"Google Analytics"
fantasyfeeder	PHP		"Quantcast Measurement"
filmaffinity			"Google Analytics"
fightsaga	PHP		"Google Analytics"
filecrop			
finalfantasyxiv			
dotlan	PHP		
evidence	"ASP_NET MVC"		"Google Analytics"
eve-central			"Google Analytics"
warnerbros			
extremetracking			"eXTReMe Tracking"
exlibrisgroup	ASP_NET		"Google Analytics"
colostate	ASP_NET		"Google Analytics"
fas	"Adobe Dreamweaver"		"Google Analytics"
falconstudios	PHP		"Google Analytics"
fanfiction			"Google Analytics"
exmasters	"Shockwave Flash Embed"		"Google Analytics"
excaliburfilms			
ethz			WebTrends
eveningflavors			"Google Analytics"
esteri	"Visual Studio"		"Google Analytics"
eurekalert	PHP		"Google Analytics"
expatriates			"Google Analytics"
facade	PHP		"Google Analytics"
fairview			"Google Analytics"
fabswingers			"Google Analytics"
f-list	PHP		"Piwik Web Analytics"
escortstonight	PHP		WebTrends
englishclub			"Google Analytics"
ener-g		Magento	"Google Analytics"
esreality			"Google Analytics"
esrb	J2EE		"Google Analytics"
eserviceinfo	PHP		"Google Analytics"
english-test	PHP		"Google Analytics"
erowid			
erobertparker			"Quantcast Measurement"
energystar			Coremetrics
eroticstories			
encyclopediadramatica	"Shockwave Flash Embed"		"Google Analytics"
people			
erostranssexuals			WebTrends
epguides	ASP_NET		"Alexa Analytics"
entireweb			"Google Analytics"
epinions	PHP		"Google Analytics"
epage	PHP		
electrum			
emofree	Silverlight		"Google Analytics"
elkusa	PHP		
electronics-lab	PHP		"Google Analytics"
prc	"Adobe Dreamweaver"		"Google Analytics"
eprocure			
enstrom		"Cart Functionality"	"Google Analytics"
judiciary	PHP		StatCounter
enjin			
sss			
hellotrade			"Google Analytics"
poea	ASP_NET		StatCounter
tenders	ASP_NET		
immigration	PHP		
eham	PHP		"Google Analytics"
eeweb	PHP		"Google Analytics"
educate-yourself	"Frontpage Extensions"		
edenfoods			"Google Analytics"
elal			
education-portal	J2EE		SiteSpect
ecplaza	"Shockwave Flash Embed"	"Cart Functionality"	"Google Analytics"
ec21			"Google Analytics"
ebrew	"Microsoft Frontpage"		
ecnu	DAV		"Google Analytics"
economycandy		"CS Cart"	
eclipse			"Google Analytics"
elegantthemes	PHP		"Google Analytics"
ebid			"Google Analytics"
dwp	ASP_NET		
dvdvideosoft			"Google Analytics"
duke			
dudesnude	PHP		"Google Analytics"
eatliver	PHP		"Google Analytics"
earlmiller	PHP		"Google Analytics"
du			
drupal	PHP		"Google Analytics"
dragginladies	PHP		"Google Analytics"
dpr	PHP		"Google Analytics"
dragcave			"Google Analytics"
doublefine			"Google Analytics"
dragongoserver	PHP		
dofantasy	PHP		"Quantcast Measurement"
dollforum	"Frontpage Extensions"		
goodvibes	J2EE	"Cart Functionality"	"Google Analytics"
donotcall			
domesticsale			
dogbreedinfo	"Adobe Dreamweaver"		"Google Analytics"
dadamo			
dhl			WebTrends
destatis	J2EE		
dafont	PHP		"Google Analytics"
devilsfilm			"Google Analytics"
dermnetnz	PHP		"Google Analytics"
dmi	"Visual Studio"		"Google Analytics"
facebook			
depressionforums	PHP		"Google Analytics"
delhi			
digitalplayground	PHP		"Google Analytics"
gotprint	J2EE		
gothicsluts			"Google Analytics"
goodygumdrop	ASP_NET		
gothicblend	PHP		
digital-kaos	PHP		"Google Analytics"
dickievirgin			
dinosaurbarbque			"Google Analytics"
discountcoffee		Magento	"Google Analytics"
divascam	J2EE		"Google Analytics"
dixondalefarms			"Google Analytics"
cryptome	"Frontpage Extensions"		
crytek	PHP		"Google Analytics"
danni	"Shockwave Flash Embed"		"Google Analytics"
crohnsforum			"Google Analytics"
crowdrise	"Shockwave Flash Embed"		"Google Analytics"
crosswordsolver	PHP		"Google Analytics"
dakkadakka	J2EE		"Google Analytics"
dartmouth			"Google Analytics"
darklegacycomics			"Facebook Conversion Tracking"
date	J2EE		"Google Analytics"
delinostrum		Magento	"Google Analytics"
deliciousdays	PHP		
cybereagles			
debian			
deepbit	PHP		"Google Analytics"
culinaryteas		"Cart Functionality"	"Google Analytics"
creditcardforum	PHP		"Google Analytics"
cuckold-chastity-belt-stories	"Frontpage Extensions"		
custhelp	J2EE	"ATG Commerce"	"Omniture SiteCatalyst"
cuny	PHP		"Google Analytics"
cuckoldvideoclips	PHP		
csu			
creditinfocenter	PHP		"Google Analytics"
cu	PHP		
cornell			"Google Analytics"
cottrillcompass	PHP		"Google Analytics"
cpsc	"ASP_NET Ajax"		
containerstore			"Google Analytics"
connectingforhealth			
conferenceplus	ASP_NET		
crazyxxx3dworld			
creators	PHP		"Google Analytics"
creativecommons	PHP		"Google Analytics"
thecoffeefool	ASP_NET	Volusion	"Google Analytics"
cochrane	PHP		"Google Analytics"
codemasters	ASP_NET		"Google Analytics"
coccozella			"Google Analytics"
controller			
coolchile	PHP		"Google Analytics"
correios			"Google Analytics"
convertworld	PHP		"Google Analytics"
companieshouse			"Piwik Web Analytics"
commondreams			"Google Analytics"
complaintsboard	PHP		"Google Analytics"
commonapp	"ASP_NET MVC"		
colnect			"Google Analytics"
connectingsingles			"Google Analytics"
collarme			
coinflation			"Google Analytics"
coinotron	J2EE		"Google Analytics"
coffeegeek	PHP		"Google Analytics"
collarchat	ASP_NET		"Google Analytics"
clipartof	"Frontpage Extensions"	"Cart Functionality"	
clinicaltrials			"ForeSee Results"
clubseventeen	PHP		"Google Analytics"
clubxiangqi	PHP		"Google Analytics"
clubstroke	PHP		"Google Analytics"
clubsandy	PHP		"Google Analytics"
clubjenna	PHP		"Google Analytics"
citeulike			"Google Analytics"
citizensinformation			
registry	ASP_NET		
cityvibe	PHP		"Google Analytics"
citypopulation			"Google Analytics"
clicksor	PHP		"Google Analytics"
iimahd			"Google Analytics"
iimb	PHP		"Google Analytics"
cloudynights			"Google Analytics"
claus			
dli	"Microsoft Frontpage"		
tezu			
clickteam	PHP		
iitr	"Adobe Dreamweaver"		"Google Analytics"
clickcash	ASP_NET		"Google Analytics"
chinesefortunecalendar	ASP_NET		"Google Analytics"
chillingeffects			
chinadaily			CNZZ
chooseandbook			"Google Analytics"
china-airlines			
chocosphere	PHP	Magento	
chompchomp			"Google Analytics"
christiesroom			
celebritymoviearchive	PHP		
celebritybeauties			"Compuware Analytics"
celebnudewiki	PHP		Histats
ccavenue	J2EE	"Cart Functionality"	Chartbeat
cbs			
chambersstwines	"ASP_NET MVC"		"Google Analytics"
chessbase	ASP_NET		"Google Analytics"
chessbomb			"Google Analytics"
chefpaul	"Adobe Dreamweaver"		"Google Analytics"
cherryrepublic	PHP	Magento	"Google Analytics"
chyoo			
christianet	"Microsoft Frontpage"		"Facebook Domain Insights"
cinemark		"Cart Functionality"	"Google Analytics"
chronofhorse	PHP	Ubercart	"Google Analytics"
casinolistings		Ubercart	"Google Analytics"
caviarexpress	PHP	"Cart Functionality"	"Google Analytics"
cbi	ASP_NET		"Google Analytics"
catalinaop	ASP_NET	Volusion	"Google Analytics"
ceoandhra			
celebta	ASP_NET		"Google Analytics"
cghub	PHP		"Google Analytics"
cgg	J2EE		
capcom	PHP		"Google Analytics"
canstockphoto	PHP		"Google Analytics"
capcom-unity			"Google Analytics"
carandclassic	PHP		"Google Analytics"
canadianfavourites	ASP_NET	Volusion	"Google Analytics"
cam4	J2EE		"Google Analytics"
bushdvd	ASP_NET		"Google Analytics"
butterflylabs	PHP		"Google Analytics"
buzzle	ASP_NET		"Google Analytics"
byu	PHP		"Omniture SiteCatalyst"
cajungrocer		Magento	"Google Analytics"
businessesforsale	ASP_NET		"Google Analytics"
bitcoinarmory	PHP		"Google Analytics"
brisnet			"Google Analytics"
blackberry			"Facebook Domain Insights"
cafeastrology			"Google Analytics"
brokenarrowranch	"Adobe Dreamweaver"	"Cart Functionality"	"Google Analytics"
britishdelights	ASP_NET		"Google Analytics"
brainbashers	ASP_NET		
bridgebase	PHP		"Google Analytics"
bulkfoods	PHP	PrestaShop	
burmancoffee		"Miva Merchant"	"Google Analytics"
brewsupply	"Adobe Dreamweaver"		
blockchain			
blm	"Shockwave Flash Embed"		"Google Analytics"
black-tgirls			"Google Analytics"
bit	PHP		
clarkmoody	PHP		"Google Analytics"
bissingers	ASP_NET	"Cart Functionality"	"Google Analytics"
blogger			"Google Analytics"
blissbox	J2EE		"Google Analytics"
bluedart			
blizzard			"Google Analytics"
blekko			"Google Analytics"
blueheronoregon		AmeriCommerce	"Google Analytics"
bmw			Celebrus
bluemoon-mcfc			"Google Analytics"
blonde-escorts-uk			"Google Analytics"
blu-ray	PHP		"Google Analytics"
bom	PHP		"Google Analytics"
bondage	"ASP_NET Ajax"		"Google Analytics"
btemplates	PHP		"Google Analytics"
btcguild	PHP		"Google Analytics"
brownpapertickets			"Piwik Web Analytics"
bundesbank	J2EE		ETracker
burdickchocolate		"Cart Functionality"	"Google Analytics"
brutalasia	PHP		
bgsu			"Google Analytics"
biathlonworld	PHP		"Google Analytics"
bienmanger	PHP	"Cart Functionality"	"Google Analytics"
bigbadtoystore	"Visual Studio"	"Cart Functionality"	"Google Analytics"
bibsonomy	J2EE		"Piwik Web Analytics"
botanical-online	"Adobe Dreamweaver"		"Google Analytics"
botanical			"Google Analytics"
bni	"ASP_NET Ajax"		
boun	"ASP_NET MVC"		"Google Analytics"
bpost			"Google Analytics"
mediumpimpin			
beastforum			"Google Analytics"
bc			"Google Analytics"
bdjobs	ASP_NET		"Google Analytics"
bdsmlibrary	PHP		"Google Analytics"
bethsoft	PHP		"Google Analytics"
bet365affiliates	"ASP_NET Ajax"		
besthostratings	PHP		"Google Analytics"
bidvertiser	ASP_NET		"Google Analytics"
bellybuilders			
beersofeurope		Magento	"Google Analytics"
betinternet			"Google Analytics"
beeradvocate	PHP		"Google Analytics"
beermerchants	PHP	Magento	"Google Analytics"
persianpersia	PHP		"Google Analytics"
bayareafastrak	ASP_NET		
000webhost	PHP		"Google Analytics"
banxico			"Google Analytics"
barryfarm	"Microsoft Frontpage"		StatCounter
billdesk			
bankofindia			
100topescorts	"Adobe Dreamweaver"		WebTrends
biggercity	"ASP_NET Ajax"		"Google Analytics"
bilatinmen	"Adobe Dreamweaver"		
bankaustria			"Omniture SiteCatalyst"
bioware	PHP		"Google Analytics"
austinhomebrew	PHP	osCommerce	"Google Analytics"
aviationweather	PHP		
aviglatt	ASP_NET		"Google Analytics"
bigislandcandies	ASP_NET		
bigmuscle			"Google Analytics"
bigdoggie			"Google Analytics"
bioshockinfinite	PHP		"Google Analytics"
binweevils	"Adobe Dreamweaver"		"Google Analytics"
beachhunters	"Shockwave Flash Embed"		AWStats
bdsmforall	PHP		
badpuppy	ASP_NET		"Google Analytics"
baseball-almanac			"Google Analytics"
badasscoffee			
b3ta			"Google Analytics"
awal			"Google Analytics"
audiokarma			"Google Analytics"
arizona	PHP		"Google Analytics"
avn			"Google Analytics"
auth	PHP		"Google Analytics"
babes6	ASP_NET		
babynamespedia		"Cart Functionality"	"Google Analytics"
atariage	PHP		
asstraffic	PHP		"Google Analytics"
assamtribune	ASP_NET		
asskickin			
atlanticspice	ASP_NET	"Cart Functionality"	"VoiceStar AdTrack"
asp	"Telerik Controls"		"Omniture SiteCatalyst"
astro	"Adobe Dreamweaver"		
expertlaw			"Google Analytics"
asstr			
gov			
atkexotics			"Google Analytics"
art-of-brewing			
arxiv			
asianscreens	ASP_NET		
asic			"Google Analytics"
asm	PHP		"Google Analytics"
asexstories			
asiatravel			"Google Analytics"
ancora-coffee			"Google Analytics"
apta	"Shockwave Flash Embed"		"Google Analytics"
aphrodite-agency	PHP		"Google Analytics"
ar15	ASP_NET		
ap	"ASP_NET MVC"		"Google Analytics"
animalsex			
annauniv	"Adobe Dreamweaver"		
andysautosport			"Google Analytics"
anl	"Adobe Dreamweaver"		"Google Analytics"
animenewsnetwork	"Ruby on Rails"		
allinternal	PHP		"Google Analytics"
alldeaf	PHP		"Google Analytics"
allaboutcircuits	PHP		"Google Analytics"
alliancesatwar	PHP		"Google Analytics"
amateurcanada	PHP		"Piwik Web Analytics"
algebrahelp	J2EE		"Google Analytics"
alphagalileo	"ASP_NET Ajax"		"Google Analytics"
ana			"Omniture SiteCatalyst"
amateurcool			"Google Analytics"
americanheart	J2EE		"Google Analytics"
amc	ASP_NET		"Google Analytics"
ajsfinefoods	ASP_NET		"Google Analytics"
alarabiya			
al4a			"Google Analytics"
afriboyz			"Quantcast Measurement"
agingresearch	PHP		
affutd			"Google Analytics"
aist			"Google Analytics"
aha	J2EE		
aireuropa			
airlinequality	"Adobe Dreamweaver"		"Google Analytics"
adultmaestro	PHP		"Google Analytics"
flyaerlingus			
adultwork	ASP_NET		"Google Analytics"
aeroplan			"Omniture SiteCatalyst"
aebn	"Adobe ColdFusion"		"Google Analytics"
adviceguide	ASP_NET		"Google Analytics"
advrider			
aessuccess			"Google Analytics"
affiliatelounge	PHP		"Google Analytics"
advance			"Omniture SiteCatalyst"
ageofconan	PHP		"Google Analytics"
afb	"Microsoft Office Web Server"		"Google Analytics"
ahlyegypt	ASP_NET		
activesearchresults	PHP		"Google Analytics"
adultfriendfinder	"Shockwave Flash Embed"		"Google Analytics"
actionjav			
ada			WebTrends
adam4adam			"Google Analytics"
acronymfinder	ASP_NET		
acmilan	PHP		"Google Analytics"
adultbabysource	"Shockwave Flash Embed"		"Google Analytics"
adultdvdempire	"ASP_NET MVC"	"Cart Functionality"	"Google Analytics"
addresses	PHP		"Google Analytics"
adk2	PHP		"Google Analytics"
able2know	PHP		"Google Analytics"
absa	J2EE		"Omniture SiteCatalyst"
acemassage	"Adobe Dreamweaver"		"eXTReMe Tracking"
aaaai	"ASP_NET Ajax"		"Google Analytics"
abduzeedo			"Google Analytics"
acer			"Google Analytics"
antarctica			"Piwik Web Analytics"
anzwers			
anonymouse			"Google Analytics"
annualreviews	J2EE		"Google Analytics"
annualcreditreport	J2EE		Fireclick
3m			WebTrends
1by-day	PHP		"Google Analytics"
3d-sexgames			"Piwik Web Analytics"
1855	Lasso		"Google Analytics"
a-e-c			
3dtotal	PHP		"Google Analytics"
a4esl			
alcoholics-anonymous	"Adobe Dreamweaver"		"Urchin 5"
aaa	ASP_NET		WebTrends
aastocks			
abbeysorchids	PHP		"Google Analytics"
aafp			"Omniture SiteCatalyst"
4icu			"Google Analytics"
abcya	CodeIgniter		"Google Analytics"
aad	"ASP_NET Ajax"		"Google Analytics"
10bet			
anonym	PHP		"Google Analytics"
365chess	PHP		"Google Analytics"
2adultflashgames	PHP		"Google Analytics"
